file_name,f0_mean_hz,f0_std_hz,f0_min_hz,f0_max_hz,f0_cv,f1_mean_hz,f1_std_hz,f2_mean_hz,f2_std_hz,f3_mean_hz,f3_std_hz,f4_mean_hz,f4_std_hz,hnr_mean_db,jitter_local,jitter_rap,jitter_ppq5,shimmer_local,shimmer_apq3,shimmer_apq5,shimmer_apq11,mfcc1_mean,mfcc1_std,dmfcc1_mean,dmfcc1_std,mfcc2_mean,mfcc2_std,dmfcc2_mean,dmfcc2_std,mfcc3_mean,mfcc3_std,dmfcc3_mean,dmfcc3_std,mfcc4_mean,mfcc4_std,dmfcc4_mean,dmfcc4_std,mfcc5_mean,mfcc5_std,dmfcc5_mean,dmfcc5_std,mfcc6_mean,mfcc6_std,dmfcc6_mean,dmfcc6_std,mfcc7_mean,mfcc7_std,dmfcc7_mean,dmfcc7_std,mfcc8_mean,mfcc8_std,dmfcc8_mean,dmfcc8_std,mfcc9_mean,mfcc9_std,dmfcc9_mean,dmfcc9_std,mfcc10_mean,mfcc10_std,dmfcc10_mean,dmfcc10_std,mfcc11_mean,mfcc11_std,dmfcc11_mean,dmfcc11_std,mfcc12_mean,mfcc12_std,dmfcc12_mean,dmfcc12_std,mfcc13_mean,mfcc13_std,dmfcc13_mean,dmfcc13_std,spec_centroid_mean_hz,spec_centroid_std_hz,spec_rolloff_mean_hz,spec_rolloff_std_hz,spec_flux_mean,spec_flux_std,spec_energy_low_mean,spec_energy_mid_mean,spec_energy_high_mean,tsallis_sq_amp,shannon_s1_amp,tsallis_sq_f0,shannon_s1_f0
AH_121A_BD5BA248-E807-4CB9-8B53-47E7FFE5F8E2.wav,234.06956810671838,1.2725912164078785,231.38656307533748,237.60074190515832,0.005436807640998727,462.1500850710827,47.07427271554753,873.7232826009287,33.98300322208273,1351.167135730477,126.89452612937296,2358.917729572434,251.11650472902792,24.01015102283735,0.004697093018373013,0.002812800021852705,0.0027639172545265013,0.0441634345347924,0.024353834752167392,0.02969087344805713,0.039714035406312555,-189.13086615383423,5.755125712999076,0.00631282939410173,0.8448385212977544,141.47975954848556,2.580141800831169,-0.03202954029784525,0.43124325729427826,-36.7648327001793,7.086798656198793,0.07459187150178669,0.768480508001935,15.041226075078043,5.854705934345795,0.12995637108825758,0.8336381019004196,-15.215788621721016,3.4674879859610357,-0.001178586672333264,0.49162197280479714,1.8423361465484722,2.309857295709925,-0.023278811199029838,0.36147350059260847,20.241876988950512,3.1675523883957095,-0.05393559762480146,0.4286051486326551,-8.785594861593237,2.1729617834383017,0.027088107631406916,0.3385705381746624,8.777475432798555,3.95840654778146,0.06849218955405902,0.5814211132263725,1.5054231707684855,3.0639444301735934,-0.07601802384469879,0.3693343093934469,2.09639042676245,2.65971783829422,-0.010333846455480881,0.45524414011886577,3.797514171185633,2.8303055555312806,0.042223732320930685,0.34311173732811695,-8.459489757358623,2.172072309692145,-0.02312119915996531,0.35587088046580223,766.8434841955103,55.71782119582593,1155.6122448979593,91.3263622295151,0.07575226319232085,0.022578097767741806,36.58004183189713,7.883882051407379,0.01565128992403919,2.1270263024111826,3.5110685736118334,0.0,-0.0
AH_596S_BBE9779F-C440-42D3-9C96-4CD6121D1F7E.wav,197.9623466461562,1.77286242313646,195.05971203470324,202.48422343163784,0.008955553685698257,717.8925345465822,53.80531205096928,1076.0387263709465,139.05586911278027,1471.794278687544,230.40996967586594,2558.5355301587974,424.3074804075828,24.629371876079457,0.0019389841196705267,0.0009441504122964971,0.0010753644625014905,0.03427290538987221,0.016277000822066533,0.01983273065763349,0.03515839342193399,-219.8805327068354,16.350668012162476,0.2505086007467057,1.5050837693288623,141.55691040368743,6.399365000915496,0.12315134242313801,0.5556174490494276,-48.73822080527543,6.333515654796345,-0.022871140994206205,0.8910192698684996,5.295946129474451,5.0521553339322045,0.050276821403092836,0.6703872382475632,-23.555829227505654,2.8669387506631825,0.026557312798396307,0.47896288648381063,-0.153393863903414,2.2044996144617164,0.024721544740514478,0.38620951722065905,23.232200517711977,2.7796663238289967,-0.05306615741962448,0.380130166384232,-14.312266794608872,3.5063091375820727,-0.060538124337895974,0.43177589799450045,4.77846784950464,2.286643765856055,-0.0041423537977112075,0.4185663633243875,3.1843348425100406,2.956466631879106,-0.03767549620044306,0.6173053971800462,-2.1120678764704484,1.9172927264260702,0.01822031236224938,0.4059617631515612,6.26815151108344,2.146250747442952,-0.02052189821109899,0.3268326905144027,0.8306388643376286,3.7130106033518597,-0.0889722192146273,0.6684743310098636,949.3934388493713,42.99314394078546,1234.906462585034,63.4931517373171,0.09807253222803276,0.04986479838274672,2.6991505392960966,3.302922934388987,0.008439420262528962,2.1205749187180407,3.5285633050879204,0.3380331426804661,0.40838300908551384
AH_904H_85B22FC1-BA09-4A17-A374-B00B2445CD27.wav,239.97971422035343,1.230257473655817,237.7093143646022,242.60429911079854,0.005126506120122194,679.0700409737542,97.81207038990961,955.8969001364912,35.340438338564276,1808.9818048101654,528.5750719384805,2762.413610325914,190.6734277774892,14.777298143636209,0.00393531758220475,0.0022882460938398494,0.002532328322643771,0.04097849115809752,0.02059602542815171,0.027052935649716173,0.04286226486193064,-197.18047406493432,26.223453122222747,-0.7558622112771984,2.4443117933288003,130.46762961959584,10.395533220291346,-0.2901556626678104,0.9806055619209657,-36.96720229052395,7.109170354125674,0.11496429024636445,1.1201366444113292,24.270027347452654,6.709574601583779,-0.23968270342714765,0.8887925683681094,-32.107066590590726,5.029220944379159,0.10865993907941994,0.5940877716614759,-6.734836761401847,4.697328507483267,0.19578847275521635,0.818993171609407,33.174083384796724,4.646328850526002,-0.0760990418791779,0.5571587510982406,-7.1323935370920175,3.4925020141874543,-0.07185306906329245,0.6663284247883189,13.829611601817044,2.6226490272528973,0.003426984685261751,0.43107279821301536,10.015605715257276,2.8624926580316137,0.03583264051432248,0.4592869945064531,-3.2023479132444725,2.7730200018759916,0.0031131616379105934,0.48894634434061757,3.9407522452527193,2.565278987944353,0.02030444784947383,0.4308799012952366,-4.808496894473115,2.48821998336299,-0.05884807260044143,0.458029327328065,908.7842076174368,49.025429143576396,1190.4761904761904,126.92931755607584,0.09947321092076415,0.028070680967776516,23.66366978251923,13.782252881687349,0.10142905464137275,2.1756609658583743,3.6018716273779736,0.6242822711655541,0.6916855479178767
AH_292J_201CB911-31C1-4CD0-BD73-4FBA4A16C21F.wav,174.74431651666293,8.079307854378436,161.33935033825034,195.31001497920667,0.04623502506651211,566.2050404732249,193.40296420853852,961.83707628878,118.22793740264494,1502.3308395935014,487.9091890043825,2542.570968247174,424.76741121223387,-26.77281836968867,0.09596547260753549,0.0633663578218994,0.0399375164891961,0.14249544847895787,0.0853101477229597,0.0653642037979357,0.0857599871392321,-234.97279645054013,29.3901466390735,0.2411841155048371,3.293517112735806,141.9866791005197,12.450115645320372,0.020080610420739924,1.1841455451428369,-30.7388787813702,9.909518137618505,-0.15974377069161871,1.2748154641781204,13.643198161622466,7.039808505962976,0.012005076686361908,1.0184949599982251,-26.230044236829166,3.621967817193457,0.002614210881105614,0.5450984705627461,1.6350150696202745,4.084992469733672,0.025149489146025317,0.5386672360474617,27.305255347853873,3.614214797770677,-0.005621211391439677,0.6215856657079935,-4.946858969087636,3.8176458443189984,-0.04769232784130112,0.5213249628353169,9.571730211668617,3.2438413305828298,0.04834253416704379,0.662498065886135,-1.5193561336052257,2.5707770911195076,0.0532467594032503,0.413365777456278,1.5348196322084655,2.5151797752395053,0.01054797411261514,0.4498058359498593,9.247823383339927,2.50310316785109,-0.05081962971778675,0.4396024197108366,0.048545026850452914,4.0751553439773,-0.05149646957355374,0.5393865251387389,808.5492428907426,62.42164887552797,1163.6904761904761,87.27139085691516,0.21168084398939513,0.09831190839655865,5.051419959182104,2.1752864786894337,0.004572437850754854,2.1751572346790597,3.6411143253080405,0.8873856847570396,1.108129218787833
AH_456K_CBF60DD0-82AA-430E-A5E9-E1D3AE175CCB.wav,138.45213675734158,2.7850077767568657,135.46108267177812,148.12495592339815,0.02011531090804337,797.3810981105055,28.155624238083643,996.4283142566804,85.6511244694267,1410.6624595050503,18.402823857709965,2125.879950405074,194.99529566644162,22.704409375205646,0.0026130651203635493,0.0013965806429500525,0.001658336339556781,0.032165675701972055,0.017112282258476694,0.020271923473706027,0.025824422724403575,-160.6957073389862,2.1151727083448426,-0.02231272353046798,0.37266154729125317,140.49060944113228,3.7710141266104116,0.06493522136870565,0.28467027964977537,-73.4693279001639,3.974186538690541,0.0954611112356768,0.3251642152730521,16.080856779779033,2.407761219067022,0.01285042288862962,0.3237014734315286,-24.306451505488372,1.7746136987380645,0.007227273530830406,0.2701124667726494,3.7792021276201044,2.9096754058332235,-0.013582137036911855,0.3632579359795119,22.279473129385096,1.1353573550751461,-0.012646163992627758,0.21555583717877083,-24.193530070757575,1.2479756060599523,0.005447417150099286,0.1965276068426052,14.564218035235653,2.5688008105381606,-0.023776182743107742,0.2466726502094239,4.9735708209829745,1.4174493382743578,-0.005190044947219043,0.21532762806251737,-2.9983685172732155,1.4326054509398707,0.016450508144800268,0.2653905574198283,4.4209201882618965,1.6959515966731074,0.0076909680423721104,0.19986491421787095,-13.973787349774248,1.3397889856382212,0.02580960855136299,0.2264153498585158,1180.7092664775694,55.09542558731135,1604.8044217687075,91.57017163385558,0.10783975243746198,0.05228486005776582,4.4833063511442015,14.572068258481782,0.12687295736696033,2.1545208684168333,3.576974238686392,0.46658465282994066,0.5389495646159936
AH_888A_7F1444B0-B12C-4B55-AF2A-463395DCAF3C.wav,172.56850038675137,59.016157412967125,122.76423964797534,238.2684592400125,0.34198684742988,692.4925325302321,73.93489963216446,1192.6273272702738,185.7309966554565,1548.6545690399162,262.0155403783946,2431.9278615739713,302.4325666126714,0.15767478222049722,,,,0.0,0.0,0.0,0.0,-178.3479952704954,7.325828640055779,-0.000915155710546569,1.2279923738463585,150.64398490832448,3.556886576385988,0.026128921321132346,0.685473766630539,-60.484211594827535,4.212560114219805,-0.056719103163071764,0.6306970453046404,18.16809667274156,3.773963651773277,-0.10312598317686004,0.5760086348373065,-11.444151999607174,3.7810376414362428,0.04137737084181375,0.7078114740568558,0.7665179219901102,2.8508246588640236,0.0442069087406562,0.46583478144023915,15.177075425965597,3.1735017032420534,-0.02832617447654898,0.5256391023189996,-14.951082611644468,2.758995881625499,-0.01875709322624522,0.49800219173640947,11.74549543914754,3.107660211405243,-0.03947922474478614,0.5624850073380918,3.030872630372698,2.524792710401927,-0.031010877339563862,0.4327572867743237,7.478510734353202,2.8696431848519177,0.015746192090765835,0.4301003432049349,8.602496911743986,2.47519773616804,0.007120158494560123,0.4126557501687673,-11.478421075174177,2.9538079173194496,-0.025353758314955996,0.4653752355930219,944.8852972700522,51.167518663728565,1460.671768707483,64.61411935589557,0.31698879306864064,0.07213079513912501,12.540372591338487,7.509617895193984,0.047094437140615376,2.1655579439301857,3.6039303412518677,,
AH_942A_3F7867F3-1AE2-4BE6-B5EC-AC3157D310CF.wav,114.48271915873966,2.914108942454385,107.66191434228877,120.00952540644505,0.025454574837742407,619.4296587687525,22.820176248974434,756.4268659532961,94.37498445782359,1088.2763904943693,264.09701651206734,2377.3665432713824,154.11397023787976,18.054008507941017,0.006786437869568034,0.00231995107651846,0.0029022970723581927,0.06259430340103689,0.03375566821842866,0.04042508338961002,0.05019590652266125,-218.84946725835366,12.781488530947051,0.010106537367378267,1.5222127027963757,139.97602866017812,4.206623044338348,0.021938701851500323,0.4708515276532896,-9.833496907954677,6.377403950682289,0.012002220295278537,0.9703850040731701,13.169532298148827,4.473075788367347,0.006121168738765919,0.5391923625481367,-36.41795030649592,2.8119042467276274,0.018204026064586973,0.5218264164107589,-18.268698943580326,2.2100780184377036,0.000992266915316502,0.3281596922162948,8.277627004758294,2.046805821160137,0.001823639569851342,0.37164441759709493,-11.907161046106767,2.2229074130745783,0.00643491870618497,0.3104640248273327,3.638285557660824,2.2583609990329214,-0.026487793605093988,0.3917654779765367,-7.013378555703043,1.9687514043587846,-0.022352717756614626,0.2413364689201413,-1.1140917039942166,2.2284253101495457,-0.01458589085550641,0.33401256914527877,10.564096907698746,2.1293666935958107,-0.036500404384451,0.3480326279124217,0.2897513187388676,2.067410515143158,0.00024608599837308434,0.3856980185434851,724.2576159196794,22.65214925036002,958.3333333333334,45.73138828451662,0.19391902702584116,0.09343707047434874,3.548009838652746,10.304198451756859,0.003182823690910679,2.2207989770077443,3.717094665108486,0.19723824722696032,0.26926612682005946
AH_444B_E1586F09-1BF5-408D-A55E-96D9E8B76A43.wav,176.21006543959788,1.4361756535288526,173.72505035395474,178.8962834632255,0.008150361047457597,698.8763191391719,73.03508860511715,1122.1095784760216,197.5535902314466,1451.7569442657366,197.29919187224678,2592.828856411624,308.92614552512873,22.445934927746002,0.0041109284647203965,0.0024879592497533427,0.0021257680252018524,0.029874355700712302,0.015508899324189114,0.01827459737333477,0.022311386725818973,-195.51714702099383,17.448795150360866,-0.06699456247836418,2.0061665963226565,143.77693802444193,7.294201614337549,0.04930633944222134,1.0195971141421678,-38.60384005849015,7.32239445396239,-0.053312683468374596,0.8024756864221099,9.561474585165216,6.68431314910276,-0.18544334547495409,0.8878197917153294,-17.0676999687184,3.5989544940717937,0.05784108482047487,0.52960861149643,5.761247564359265,3.8103624064392774,0.07751276951595687,0.38618195886853585,17.783080590612197,2.379103294931544,0.015056561919883553,0.39860309875960487,-18.912210775327775,2.0928722508574933,-0.018764243164974652,0.31421228805494616,11.807048047107376,1.9445163994065524,-0.06015040069616489,0.31851443263617013,10.101095716079188,2.4224732841752723,0.041627692972105716,0.4583799085516571,0.9904828264425702,1.8113664584680618,0.011234986448398493,0.2649643502762745,8.177207721608587,1.544057851231904,-0.024183608307647778,0.20456685444873207,-5.9073072984555,1.9641229207439603,0.010652311786516615,0.325635077369412,855.7736238986031,44.74958869285179,1322.0663265306123,123.95821464587982,0.09501335778221766,0.042692060339717945,9.958874606387097,6.717557431679512,0.011987054449466305,2.1632013608002643,3.6011231235718095,0.0,-0.0
AH_789Y_20CB672C-5F66-425E-8707-BE5B7FF807E2.wav,275.35814391962623,2.420587512872398,266.93663372644914,281.443586669544,0.00879068793250923,672.967947978799,83.9747983292417,1080.4614694715372,185.73864672208805,1496.343297620234,114.20513058643154,1993.6003744007066,373.7577938683108,19.470162708396252,0.0031206691325606044,0.00166604662090401,0.002075220163419061,0.07145642855130674,0.03178261011169183,0.045409556651466426,0.08398762055291817,-188.75494806274233,16.801078640683045,-0.4235400313743924,1.8755839445004774,121.86306729462342,7.093985213774942,-0.13627610997461495,0.8278614015471141,-67.60855075240349,9.210856694491488,0.17775132792709186,1.034269726030209,-0.056390569431751324,8.221304030998615,-0.05646016043541262,1.0226875615502913,-9.215573098087026,3.963674514056183,-0.032721970879308115,0.5855600410777062,2.0563299508980246,3.911438072800615,-0.014003732156408797,0.5914408227589147,-2.601687875487035,5.346346610443115,-0.11769447293360487,0.5823643439603727,-27.879661346068044,7.7845101743386875,-0.11938892613547261,0.7654398075546656,9.732068831707295,4.89503534720476,-0.045379692722084475,0.5807827348621872,2.105461655519767,3.6571042065122996,0.0664980535882825,0.5289882574262719,-2.4279061505865163,3.8182406684854002,0.06596232563283375,0.5563419376437296,2.0592905455616832,3.1986247952623104,0.00983480419455311,0.5525053014297585,-9.847131375332738,4.793223785168519,-0.034403811536438116,0.7097595524062744,1132.2328797218163,68.80160331122092,1589.498299319728,86.37048115074481,0.18514812211688308,0.09007520867358713,1.479451407896748,18.47389156244235,0.017814189250707886,2.1961130663578166,3.677342843052703,0.22600262674139981,0.3158938060884938
AH_469Z_5BB05B2C-39C4-434D-9445-244E7580F840.wav,102.49913693633624,4.1796562987312935,99.49576075323526,117.6855708290597,0.04077747797356909,642.4142164801682,49.347691167738894,898.5799490482157,159.3752364287035,1768.8367794211754,648.9969936676704,2798.759593052356,362.74283188317435,-12.613538828612523,0.01133245951673975,0.00680682397099375,0.006215213529896197,0.14948398728151938,0.08639629097986956,0.10099522865666594,0.1285435848765736,-215.59950195450767,30.17310617416078,0.04320943430197057,3.525811347319512,128.12179499447046,12.105566973710765,-0.03348024352957438,1.1242946715873947,-25.493758444401603,9.990868217640548,-0.08544238046537463,1.4767847438975898,25.16763992401769,5.590486978424334,-0.015990593245308094,0.8869439923668857,-47.12856643719685,4.479334164044625,-0.007051807334146875,0.7311122161497147,-14.445646743603183,3.1426964835482933,-0.036650796241308466,0.5174966337865776,24.445689534978456,3.379338186189749,-0.0321829679483379,0.43333113248336985,-17.618561443064692,3.948351913093347,0.013052781704441217,0.7356753095400077,10.27196172088665,2.881429554369605,-0.000329641598773736,0.5200909445894332,-2.289650821345283,2.352782094641677,-0.025378968670550114,0.39767392680249275,-6.644095688240809,2.6047448055589526,0.012094382493548309,0.42595505852878185,19.659683302513347,2.5832219081744867,-0.0020387193501082254,0.4787239375349586,2.0736328397392,2.242650309703711,-0.013604399192892727,0.3453634534568872,1040.6779228810449,126.84874364137154,1727.6785714285713,783.8398852785081,0.2615754632181698,0.10481480156744193,3.1811705485918593,7.264253242458468,0.10956426290751027,2.086921102638334,3.4709846037144287,0.11648326432183459,0.16184273448660175
AH_667J_605FB4D5-E0DB-4B9B-8F58-784561C51693.wav,184.60136709739817,1.4622950711306526,182.02533456206683,187.31107859874436,0.007921366423896124,670.2060574881468,56.32167179759153,908.6888259769017,64.07252098735499,1316.8804021242388,20.985811184354564,2421.8653547503723,307.26502521615726,22.831306910718133,0.00325231063117484,0.0019039858511739358,0.0018622341341560454,0.03519593645528868,0.01885452772995116,0.024705955156309578,0.03793968920182318,-194.5490591092871,4.719981946410532,-0.15817799261507778,0.9680357997259554,156.4258355433767,3.15386068114768,0.05199848604230339,0.5681501579321866,-42.398569791900044,3.7036245007414537,0.10243696110702057,0.6645641883332677,3.9547686092991463,3.5721767998590668,-0.085248330979803,0.6567869388801165,-24.776462349558468,2.5336511841568448,0.032222869617877695,0.46055080550020766,7.36957980834439,2.465294718398665,0.0142177502735827,0.363708695478257,18.15487018999444,2.6282325842850724,0.004495366520834452,0.35438014599608053,-19.381585223983127,2.149317530637924,0.019524776868032417,0.38615840223688686,10.61182181846729,2.008263424020851,-0.04472608903251559,0.26774534409557055,2.7455746492121955,2.419795847413125,0.02350889179254697,0.43592448441116355,4.07356571718948,1.6244117987566753,0.021446119152053005,0.28110583056202815,8.343332547286154,1.8330802442772116,0.008927662414616408,0.2834908855719628,-12.64634935318494,1.5372933311810688,0.009943851400874983,0.2637268615741488,875.2679177218794,15.931710518060472,1288.4778911564626,13.7184546351662,0.08793557405699508,0.028058392380303544,7.901581978811976,10.343322537603758,0.005665148613497983,2.070752467662737,3.3602163330286117,0.0,-0.0
AH_420J_07C96C2C-6E96-4A2F-BEC9-5CB71DB309B6.wav,214.73686005215976,4.043845283913963,205.37444869059783,221.71554864373778,0.018831630875722545,718.1055103236836,82.0008086672019,1067.5428432489637,61.50975220657915,1498.5559215352405,77.82712069889632,2319.1687732534474,509.4130909959163,17.593658994853946,0.004764192712392979,0.0025336075847915912,0.003053343100538321,0.06837130573604264,0.03569008542025663,0.050649603230953105,0.0713914624151398,-183.27256544857508,9.001543102025327,0.19616279524117447,1.9011231880689847,136.43091212616636,7.9043097811484415,0.24391914551423458,1.2740145231766544,-53.0326354159621,7.56742332105556,0.04191985865630967,0.8302333874205468,-7.5399446161061,5.690164655216545,-0.07020146896433367,0.9387677821821786,-12.478633391164584,4.64961362804893,0.0297586350098258,0.4891587860825094,13.978302901844442,3.485478079458208,0.010545165810771771,0.49811814174046465,13.755689681557495,5.1289405544295175,-0.04642450653815828,0.5263057996347519,-15.71460441837909,3.5614636928301193,-0.08928946754103245,0.5569882954674445,16.449245838890732,3.899171810507904,-0.04102178585114744,0.4990987862389109,7.92260655856605,6.221539333730962,0.11118770093156076,0.5093018629693237,0.477983087832188,5.626098336156062,0.020899126375357013,0.443231714754446,3.933759927842501,3.6786051368463872,-0.08609130858793759,0.4321713135849898,-4.40579748364962,4.665121969838314,0.013955155112919013,0.5277954395751716,1044.2172721757954,77.1159572739086,1531.25,68.23044654416705,0.18677606146416367,0.09799622028027552,7.003209382062385,14.221702771847507,0.009526401686106349,2.18069905706793,3.636016329696964,0.5260852366899907,0.6560859965071796
AH_678A_2E7AFA48-34C1-4DAD-A73C-95F7ABF6B138.wav,162.66972868971786,1.4868190554557188,159.259726056483,165.1349336542017,0.00914010902601142,735.8089816978994,25.15151149132255,1018.6037117043885,65.77647242812608,1185.1946796480966,126.88597900454842,2499.841432728007,178.47213066000052,20.479818026144205,0.0035785155045934846,0.002025380566386886,0.0019522557824264394,0.053833767416737864,0.028079333359385308,0.029989229696849078,0.03960677843915976,-216.83965009489654,17.354081513586735,-0.3063349050846316,1.4979686805228174,120.96397751763718,4.589478829308742,-0.11930568273176805,0.5602882903821685,-40.75816213078992,8.951321891420283,0.07276617075924272,1.2601285125127837,-0.9130856288586434,5.27489363357709,-0.03041547733037241,0.798488937637917,-41.51162200978993,5.07011129160893,0.03912015646483442,0.8360242467725403,-2.707824098881436,2.6482888142910403,-0.025718637413700472,0.40419366529284945,27.60957917579658,4.907051931560215,-0.054226722257202674,0.7955986997813581,-14.002176855058366,4.111697651085172,0.023857613899420052,0.41675970395052525,1.2574124245804938,3.3085161583605114,-0.02117228674478654,0.6435103895373797,-3.8209054139430485,2.6085026172467964,-0.008660737469169568,0.514649066969241,-1.5100210544437713,2.3731826792800663,0.0053344921554175796,0.31115303469058514,11.400638501636505,2.115950797621325,-0.011978122361212939,0.24103845575575444,-3.3384044994430444,2.362525849493394,0.016087613614506873,0.3471271325965082,1095.9771796263778,87.92279830326491,1385.204081632653,388.4255418462702,0.11518152965252178,0.058860193772283805,0.3235274939165548,4.871659082632588,0.026048964085561198,2.133897454979286,3.553118087990075,0.06658994020895202,0.09908910135203658
AH_501F_4BDDBB93-EA99-4B1C-AD7F-4D874F39FB0C.wav,116.42037344902934,1.4355453645076035,113.11177008392904,119.8801637602012,0.012330705717381225,734.670121435222,42.9405858138337,1139.6162779891333,235.06323198491168,1582.244112456683,180.42828070043637,2352.8745536606643,426.89555780778704,18.903129901249564,0.0035626407668021957,0.0015985870789191425,0.002196318150347539,0.060170313288659925,0.03152550024425195,0.038997054794638615,0.051061873788532094,-173.12040008846049,6.123467355183516,-0.026825459422071426,1.0576118004264987,155.81940839693794,2.863781071533188,-0.015455489382986992,0.46842664215797514,-68.0826852487322,3.9349791562897427,-0.00483561414722478,0.5154571668542458,12.009004982326283,3.1128064812069423,-0.006994960637657251,0.5738677006570662,-10.367492148899563,2.8130559563665454,0.015769130689213384,0.4956030925391615,2.6382169845781163,1.909391585173356,0.011602855209449156,0.3038566430602914,11.556846788059577,2.376675126145728,-0.011678732500486873,0.3989340095135936,-20.454438300953683,1.966113523970796,-0.013986516120654357,0.2968244161375495,13.398851525347672,2.1623544037030333,-0.0029154217126741875,0.3884830966661079,4.162012679902396,1.751643330256896,0.01710817341412851,0.3495938982049463,0.20339719751386315,2.146251617398808,0.03153059522733386,0.35307345172832943,6.50921039406806,1.7413941664922832,0.009858112317896827,0.27803594831464207,-9.082006499567148,1.7481916251790373,-0.0218349499679625,0.2684147799893523,997.5467681746687,40.53657516048579,1508.078231292517,51.477583586632534,0.15504952455090062,0.05368386988218157,10.034296957592387,11.067044477095221,0.031059503155788225,2.115324679513579,3.5121003185129185,0.046055009933370444,0.07158483369291901
AH_569E_B26CCA1E-29AD-48DD-9947-48DB8A56CA31.wav,129.94405007386808,90.60460964233654,99.45130213630554,598.5045492377104,0.6972586246991023,648.0138731121764,19.59236439241935,1030.9448022511142,93.9246098302209,1224.9593517924377,64.6315428972341,2330.64710691026,48.8261235411633,2.9219657953032487,0.0848000014561701,0.052403510748046674,0.054779881028333983,0.12527052482963433,0.06478365920570306,0.06658781402268124,0.10639173830461941,-191.52863550621188,8.417377692348452,-0.07666941027142739,1.4068817918379137,142.61707606625586,3.3616838968568827,-0.04112714924205424,0.5201326967252354,-46.68543915582532,6.091060502971512,0.08645125532477307,0.9020847079945951,3.0229311663664813,4.3580786112049905,0.06685809099325982,0.5170391755813921,-28.525718343791446,3.104631289960842,0.00926298090113016,0.44596804053347583,-6.382957393699523,2.855378823778073,0.04235058898637685,0.49935259148085137,15.40155056190627,2.8473600796373915,-0.03983719339855628,0.40748666433671576,-16.309217575022075,3.2930472590992013,-0.08653571367961588,0.5969430902813916,-2.3011528494091276,3.1816448538078075,-0.017372854709919255,0.5968355318265806,-4.107973303414937,3.280889837538652,-0.0026850094911254853,0.4698764866240043,12.989174469221412,3.069518747699251,0.009946845825614,0.38015062093031776,16.07423121064862,2.81977971525446,-0.0036592881855910223,0.3782009089706577,-7.612929920557153,3.184220174625804,-0.018697466313026077,0.4376801165269433,943.3261266770158,43.84452881460085,1250.8503401360545,58.74252837846252,0.25870610626413326,0.09370647460201033,1.5540614855809354,12.928796776839064,0.022700217317903563,2.191385754067057,3.6707573917370064,0.5125382978590582,0.6984723904631454
AH_528T_6A746E6E-FB60-4363-842F-A7368A1E5B2C.wav,117.14314610902451,0.6740006956009873,115.57466945213062,118.19137398982029,0.005753650281628072,642.2888526604784,24.296015037858215,905.290060183108,143.7261261665636,1268.7104139296482,296.00918650606667,2640.054979883239,148.53619954320865,13.57377788948316,0.006901842408780204,0.00406195925168876,0.0037590747767036648,0.11160249759581532,0.06019209631568581,0.07447137759879534,0.09065816357205994,-186.57962490145036,7.221664626665261,-0.013815920371988904,1.3127743766423372,149.06491121834162,3.614064385497242,0.010762558918148372,0.5896185999672812,-40.07235586426082,4.4172309806233505,0.02359954083169063,0.7843760713004236,18.601909523996923,3.7610797361213626,0.04703048005492505,0.6125383703586037,-31.309165355556665,2.9867026192117585,0.07377568627502559,0.4360404332220996,-5.867515495669036,2.594201627401572,-0.011772689229263927,0.38952270947673073,26.321473381794497,2.968319785304692,-0.0475706338322946,0.4501272457163761,-17.269859382773962,3.6988647019499306,0.030206186486801956,0.5270983516536543,-1.230207883784351,4.676839655438027,0.05534860115959341,0.6359825580515689,-0.17312293818510138,2.994692998520721,0.01552650850675496,0.5189513995099174,4.468690526883476,2.62285064016807,-0.006384865535662194,0.43694887639773883,10.69095669675863,2.701391418214421,-0.010346819751529387,0.41449072086052346,-2.0587356279703117,2.740849803098191,-0.029426094951224002,0.36185047782287066,862.4150701320075,44.65935989882044,1194.515306122449,35.984635996722346,0.21516805419487844,0.06100367842484083,9.228415767513596,10.79511331683354,0.03868429281612855,2.18420740452493,3.6585863216919465,0.0,-0.0
AH_753G_073DCC32-4397-4719-A019-DDD41F30F5F1.wav,115.85564053278551,12.795141727813203,102.93294372429999,141.96858334954078,0.11044038657912696,417.1495575962903,98.64198921188208,775.4076309821012,130.66349873820744,1290.0010444895413,322.80225715755967,2381.258720273997,262.3878537923229,10.856436860625088,0.008604470634750765,0.004278919874478602,0.005079074159473609,0.1364264202764376,0.062048590836949184,0.08929563388878588,0.12576863195258287,-218.7090075696605,18.12827728944901,-0.10963943383236162,2.0661475295727096,139.4823956946591,9.026040636305245,-0.09636111243442823,1.1368364766140822,-12.88959028402896,7.590424497239254,-0.0661328772938299,0.844680348989637,21.174046529356122,6.577938180743434,-0.09818595344067638,0.9891944625770208,-22.73680890858188,6.211159940682058,-0.06063082082020768,0.9694720248740863,0.9356128772297246,5.895062614041708,0.021832621360019608,0.7286176972255777,19.305155153319614,4.61482257929932,0.085214385634437,0.6831283028701157,-12.818556497055436,5.546579358769428,0.06792731922129294,0.5890436525342053,5.74584226761863,4.406877853207536,0.006420019695031763,0.6040607420764742,-3.4733648506143826,3.989174950595802,-0.013805177665639051,0.5417185330606094,1.5286788448952604,4.1799345700629384,-0.008239067528876178,0.6627047013866508,11.528951468418526,3.4121679111460965,0.007668210068331512,0.54756829654944,-6.306201474268226,3.5222190311643016,0.0027611952392032108,0.4983374986721853,643.2168258458133,70.9996829248545,1014.8809523809524,143.17434868370998,0.2306315003525618,0.07447847809642008,20.746302683238113,2.9058571144117527,0.0052535311460939725,2.1998276872163403,3.689838065310444,1.0010150511675344,1.2787182040154452
AH_777R_A36CF7FA-37FD-483E-98FE-040942B1DF49.wav,213.97009524533797,2.4461495498317403,207.9824846555712,218.54888031553,0.011432202930166419,395.32443933622,44.10093068929868,807.7967599430928,43.78847436602144,1309.5276356329846,51.947608449705626,2291.1449750070437,214.13501173246675,22.029894237732904,0.006865177320822522,0.00408855914313262,0.004012488932224573,0.04789820152243502,0.02567055207208341,0.03342753304398213,0.045510264950974,-183.80059294812713,6.246044386179532,0.07615376485635984,1.273744517957194,146.7878490219275,3.877490782511288,-0.0012068646483389825,0.5809463808083573,-25.48958376993803,4.786561019895901,-0.04540586540607416,0.9479590902424413,18.660861897474447,4.81965152504756,-0.009200009896273885,0.7440987528013239,-17.734944174711398,2.756694699804376,0.00913881224489222,0.4034555884806023,4.518358208669029,3.711457936805422,0.09953592775875295,0.5443396256175639,16.606002657361422,4.569113903992326,0.055451536359722574,0.5156807144043356,-14.349720652728658,3.9575690998169892,-0.0027665772940713845,0.4801888482767415,11.81382205568079,2.634971308175209,-0.01571696883484456,0.4109942931445404,2.215176548717271,4.53940074585372,-0.05550486999171751,0.5877141023585687,3.0137566672965117,2.6070150555640295,0.016075595095163913,0.4095423166323264,7.161923105909281,2.6333700101652524,0.03144910831502796,0.4369229550860685,-10.370726525008045,2.0756130282698453,-0.0052206206225058355,0.33212603052259115,701.1538499627426,29.63595013331535,1121.811224489796,84.02265773920061,0.10731222951666419,0.052970080331280464,58.38478039969936,7.8713710656162705,0.010614534942148575,2.151850958544634,3.5257774254417398,0.10489184143616251,0.1476584109983229
AH_064F_7AB034C9-72E4-438B-A9B3-AD7FDA1596C5.wav,131.06802548825686,1.4107971605515908,128.59922506790545,134.3408145033213,0.010763854535048231,670.7385818194732,10.12479272991893,1150.0559890232016,62.77492803676588,1345.462730977391,107.50149864550377,2374.0011263934302,77.2585705215134,21.992265821087273,0.003697039681795306,0.001852136994809337,0.002083189495586064,0.03799706223305882,0.021494482498488964,0.026005648112103163,0.03158625252584742,-180.80810298208465,3.8606154108582125,-0.004489606308755952,0.5781159801511652,144.34521750424145,2.280060313991929,-0.05700918420533659,0.351345690535836,-57.81097411234661,3.879839212367936,-0.016686901934869228,0.4966612194159518,9.328385193704895,2.21208973326154,0.02697758960237976,0.39710259098538236,-26.98818501152314,2.238238632020337,-0.011193631296906396,0.3025394593443739,-4.824824632626687,1.8234832482710195,0.030485490639057762,0.3037549786894311,13.43790341530346,1.8563656188837563,-0.015782373876319825,0.34943620976851125,-22.30401554970065,1.434953775923581,-0.02610776391736841,0.23730667608392875,6.4997609116650485,1.6937110652728637,0.02930430507275981,0.2636849467547243,-2.893883045929904,2.217435173680945,-0.036328974992939085,0.23695801541696793,3.7296711366337574,1.462373114930063,-0.016205418982906967,0.20822954324410545,15.697853052579593,1.900934817589514,0.039088247831150676,0.2181597743100938,-10.399823990529088,1.1124004331801127,0.007896342169719643,0.1824802064343774,996.1969577738691,40.05123234340033,1347.1513605442176,55.845344769128396,0.1175402276602076,0.04431418815493685,2.0370121149547415,12.62429533085653,0.035687956368875444,2.172117734070881,3.6052685491536405,0.5251409673128633,0.5964915444142462
AH_264Z_593C20CD-0A54-4177-B031-26EE147080A3.wav,187.95579113312294,1.787581916462264,184.31917296606005,191.60769918729082,0.009510650912565807,742.6385073645762,28.161031395864423,1299.7058497914452,24.30792495385728,1558.2198266211242,114.18504121644327,2563.5381395858235,278.98095085957584,20.076198311592652,0.0020622479316667885,0.0011483597455580448,0.00116074821604476,0.04091523678975315,0.021145468718650154,0.024238250611128453,0.03265819239790635,-200.43699652171088,13.596070353320732,-0.020234086923747473,1.3829843335918472,115.07559293881387,8.01152788593624,-0.04271516828020227,0.7452967560132301,-79.74542648671527,7.174720275557154,-0.017312472212534274,0.9444783494881864,19.435703567514746,6.974339109054117,0.013471628795328646,0.898851060328265,-19.400524625375496,5.51796048215,-0.02650735378122977,0.8629967580730569,6.7420666011334704,3.994872449705323,-0.01934991230390872,0.575202336662073,22.78087682016628,3.9232981723268874,0.022595564809946643,0.5915438516980902,-31.43056461999935,5.542740078471739,0.0037313852532639136,0.6765908849060439,9.09104857351526,2.884875926058088,-0.009706154946221792,0.45568077811739693,8.589308134730691,2.478959379944657,-0.012687732666535494,0.4073378257644438,0.023483873963414954,3.4082382139404417,-0.0206632464573933,0.4976636931071476,13.223856433799437,2.67660049483666,-0.00957830726150425,0.37226059862810384,-6.936824374104526,2.6735876483907695,-0.008853623055719472,0.3872336846641624,1506.921816203401,190.56855056079044,2515.5187074829932,596.2947242699314,0.13215146748262985,0.05249187221115428,0.37651438822244565,4.425173023679955,0.3672323328886603,2.193966716419834,3.6750561630498186,0.27578875492466587,0.3425415079719701
AH_538M_AE709CB7-1123-47F8-8BD2-000158BDBC01.wav,211.64354553405883,1.3464196005929814,208.9041913988215,214.45762561682056,0.006361732398667968,653.9608126141976,65.46412686600304,969.425355546928,26.636572839803502,1265.072734738318,8.945177205438009,2481.6114870672645,313.48234456957914,24.346120504788917,0.001958009748407018,0.0010554774218602511,0.001255503075340661,0.04902899750676647,0.02597741369441273,0.03294975156575006,0.048316420129883866,-195.27840243648407,10.261957840873112,0.13852684850456834,1.1191573215762751,141.4419756428399,3.4744358977344776,0.09295301252774096,0.44374007468787297,-46.648380556227025,4.999868537382579,0.01998168014123209,0.8898149056181941,-4.242142913652077,3.3698333782586043,0.01226996292931275,0.5616192143069892,-26.505783440508793,3.0750732393492406,-0.020424585562930076,0.4571469217834682,13.205395469944039,2.2882719531584486,0.0023734805776155373,0.36151910749218297,30.558926851821948,2.288117726191841,0.0002093634718060401,0.4232456466363478,-11.392281664565395,1.968570552330562,0.027465641270475932,0.35283661350090445,4.946206481040322,2.2756403713188904,0.012590318884324636,0.3368753602456813,-3.396564641104809,2.75249197099933,-0.041132279911003725,0.4920325936766423,2.628080948416985,1.8749684343527482,0.019178143985684355,0.28094694099713674,11.14745749911684,2.0953642376900024,0.011005864294110814,0.3403011010421664,-8.543914464338112,1.9444240942720592,-0.019753479089899932,0.3228081943767668,999.3944603610557,25.43201153465091,1278.6989795918366,9.332239870815043,0.09790825434348385,0.02983508539517306,5.105847927320505,18.790929518452533,0.007571465101163125,2.184959551205449,3.639282702192084,0.349551926522779,0.42035785315756663
AH_197T_7552379A-2310-46E1-9466-9D8045C990B8.wav,114.70079342109345,0.9245236087673577,111.79644222703149,116.51921447621874,0.008060307005664862,639.070416789182,27.506685877643374,1010.0430186769266,69.11199057725251,1204.130369815909,27.64763440560022,2381.4212093060833,56.291649075001494,22.310458020615474,0.0035634187217244216,0.0019904787868055096,0.0022885044781659016,0.042327986732356014,0.021416124109607172,0.0251703843529957,0.033694106755463284,-190.82695987492423,5.195383978634426,0.07490351562729404,0.8284140335131053,155.96299753613295,2.169832132786729,0.01026976523829903,0.3372538297320648,-60.85663061258274,3.0627204877906418,-0.021518003403208835,0.4648513939703314,17.2933635878423,4.152553905071406,0.05314365077396829,0.4862909632440436,-24.8702046075491,2.961432965802972,-0.0012820326829098363,0.4524591878896773,-7.4114678517664485,1.6120181084790342,-0.0199379621034041,0.240795470111489,26.221791194785908,2.3688587953700395,0.030310720805726436,0.26834368578409346,-15.506856159756929,2.125596910359471,0.006958255509866871,0.39513629238977144,1.2502905214073436,1.8031550472462066,0.005113236296108487,0.29698196845968744,-1.157290317657945,2.113940192784303,0.008923081520862904,0.2903094515073763,1.6141114709226745,1.9492343952151745,-0.003366947264605916,0.29610638707925135,10.600894344494169,1.8818265352068626,0.018230831091004526,0.3481668404637371,-7.086975590150041,1.503921317863684,-0.013492352046207917,0.2466410951007638,963.5489970582623,30.512288970195815,1318.0272108843537,56.033243933661346,0.11116337245465828,0.03954813715755579,6.1384961939044125,6.901841123047081,0.0409546611318789,2.0847995563824298,3.4085376281991007,0.0,-0.0
AH_378G_3C2A05CE-36E4-4956-8FC2-0494B27D3EA8.wav,184.27928999755216,38.71970649490632,100.67635560356028,206.96065708028522,0.21011425915207643,775.1234700951481,76.36616785741887,1013.6981363760041,119.86010182341283,1589.8656291835246,450.1245726839358,2584.725388528178,236.48262560333163,10.264741002274928,0.008299580539842687,0.004828333140578413,0.004624827133419208,0.14024792087946125,0.08158875896333899,0.08404612631252201,0.0986005119042973,-165.2964881559294,6.042695343685233,0.018246277794022298,1.0227971600582384,119.30431224352401,4.011940338290269,-0.019313232383102303,0.47332076526511735,-69.96100648454615,4.412244168541697,-0.054182551757077715,0.737983866213902,20.14913960565385,4.909957743051061,0.027051610721904536,0.6993292520095286,-33.68656293322316,5.471057451213446,0.04406866582411874,0.9671155390345799,-8.336178347075391,4.355700360801887,-0.06938245417728313,0.6150543345167702,33.72176385520612,5.739351760063684,-0.03332509735615293,0.8655288973292856,-11.795318247481378,5.058702677163923,0.0735139360772347,0.888406735990217,6.684267045637629,5.545780021599179,-0.010874517744463713,0.7618142117856019,-1.3805665908804143,4.981286153354275,-0.08651973152330378,0.8670745959870947,-10.511646357461895,4.117207501283051,-0.01239871307581445,0.5735640504787571,-0.07421922467585962,3.820638586513224,0.00785966515811944,0.5412616854186119,-7.305693528050958,2.84692219223394,-0.032671536098900236,0.5026301358609689,1348.4177212353784,84.08300920309364,2642.8571428571427,223.22957384044415,0.2492001332256259,0.08127896948911212,5.41378057086612,15.838620391467222,0.8407598859687506,2.2199073863915624,3.71379179815252,0.5106141179038824,0.642937780795441
AH_473R_E4947FD3-23C1-44F1-BCE4-DC59D8269FDE.wav,200.4271209658081,2.5358071312647774,191.90636053963374,203.7710138698179,0.012652015949964047,656.5844734011741,122.62742544549009,840.501404858937,16.873623993866524,1768.8913817505158,142.38027762582934,2406.659658253474,319.3345203383013,22.783263275029213,0.004301445090949426,0.0025319664466270215,0.0025086020609426654,0.0318241360603306,0.01682545606967279,0.02062302972955322,0.030021695824625532,-184.66825877483447,16.398635266806295,-0.1844701036778588,1.5079450552980096,138.8362201460685,6.405167644627035,-0.07531713423576668,0.5716798548976478,-46.378752964008,7.222653877713672,0.12604872451490967,0.697358846188768,19.496387624861132,3.350392152310792,0.008521021667742544,0.5220816606130927,-9.228683950256999,3.1654123730261086,-0.04898436507803119,0.4818109217945692,-11.611439855020123,2.6078685072168954,0.06117597531097303,0.3578190998076947,5.718189743780858,2.6031652462966988,0.01515887181105141,0.3737949589814555,0.8525287272988297,2.3479884661762607,-0.014796801519796706,0.3679683325531356,25.171276956968036,3.836887392378666,0.017287004635789402,0.4064342515323319,-1.6375384477776376,1.8812420325560026,-0.028121704807095225,0.31094035894176986,-6.524633357920921,2.0138251009437957,-0.01999557944384856,0.26050254267726897,9.09049184842314,1.4555889035745564,0.002282115996722936,0.24440236434664492,-0.7513817351021347,2.1181044224029018,0.006271495265977163,0.2563210957323747,891.3423332556555,49.8285302891865,1669.642857142857,149.15393526189507,0.08647124430401826,0.043318348714055814,18.88801211122339,9.087977195595377,0.05854080720702207,2.1636259454932953,3.608904504608703,0.42234571740607996,0.4947306876162789
AH_777G_4C8ACC89-7FE2-4174-AE3A-B21B39A0C869.wav,124.61584710167836,1.9956520124088037,118.28497055766181,127.9758331744971,0.01601443202308357,607.6886517075018,23.112680360260768,960.1416448707282,34.72449480000895,1155.4936193237686,231.51609435984494,2736.1032805371688,86.82977326463256,19.544458612112535,0.004762439082282531,0.0023631556574835668,0.0027121886563364847,0.04767273825713469,0.02431089913893199,0.030314414038608867,0.041737548512310714,-192.814731543684,6.594685754649086,0.011944031364742307,0.9120345279466446,141.56320457345907,2.2451068705967665,-0.01063364683630572,0.30891626581191556,-42.26666451852729,2.1236020976904686,-0.042174578179060486,0.3741054769450401,38.58193071827694,2.156531769879613,-0.013484539402067529,0.36531111932764054,-47.95906062474164,2.394319230839523,0.04816583959720458,0.3810765762597838,-10.163126104469601,1.8009527290268141,0.023946141070451853,0.28734770099286167,33.60967308161304,1.6724387791510882,-0.029665637892906944,0.24455494938940472,-22.766519740621323,1.474559938546115,0.0031258615775208937,0.1965809917027945,13.256552219500529,1.505391923099566,-0.0023409184219434103,0.2098035930911482,-1.0059299885747226,1.7241457006635021,-0.018953057077206542,0.2896294385217646,-13.229541348457865,1.4187558130304352,0.0038587412734021847,0.2062208707464277,10.356661245989324,1.4967492419952038,0.004790375434985017,0.2397389675082184,-4.560254203519551,1.2196193663729256,0.02854824993659077,0.17719052938009724,1160.6988078718755,42.363203230642604,2811.0119047619046,177.84552596932522,0.14400116969396903,0.056631349985152346,5.642564473236971,5.293956818185652,0.2439561233700733,2.0321133131220037,3.3381653700425975,0.10489184143616251,0.1476584109983229
AH_743R_66BD23F9-D685-4315-86F8-7697B5084F7B.wav,195.2682193450629,1.5107985162813065,192.36241088289654,198.416782687901,0.007737042522068274,583.5910549530275,158.12363890429666,971.1715451737869,106.1901425329866,1399.4124294946637,257.0324494605748,2380.7959976741413,519.34686721799,19.270370498941507,0.004510508952836579,0.002622741920654297,0.0025583626125757074,0.04364630034717528,0.024241234816115974,0.028542163949638544,0.03615719908188908,-181.51395030453602,4.468953912633132,0.04317585729980259,0.7546363935568218,144.20051259953354,2.775172787555176,0.011222728920173052,0.3350674916445437,-51.62909648127464,4.07981305741045,0.020822447749508217,0.40584738871958637,9.476783126087556,4.269728669570146,0.07350384033518462,0.38329890299344704,-20.441485805248295,2.972990324914705,0.05297994615227336,0.3362355249259336,13.392222075388332,2.40259715547992,0.028795829414697823,0.30380065894903513,22.98825617078057,2.285578541546063,-0.028809506636893002,0.25945436399143584,-22.21929264897956,2.684685303694407,-0.036969113134239756,0.26390671606438965,14.14930152713505,2.0081094467940663,0.02076371507463863,0.25046903292147277,4.426828815630785,1.9682214054913252,0.028827983227568885,0.27099900700160245,-0.9452375146360188,1.8216652451149358,0.013295534287219656,0.29374562411923716,12.152760657328077,2.389240995029199,-0.0060699431474568475,0.28622566162348373,-7.844158002375001,1.5791208443547486,-0.003338061580213913,0.28577781996989,964.7718654125405,36.98475186083046,1379.4642857142858,16.356997580944178,0.11033001474888696,0.03398934401969005,16.72455081385881,8.82254905182936,0.02613121342831761,2.1129602307163644,3.4670777557500436,0.0,-0.0
AH_195B_39DA6A45-F4CC-492A-80D4-FB79049ACC22.wav,111.2245707796312,1.0683431333905138,109.40571685008621,113.24881877451693,0.009605279893659628,703.9549871368392,31.63398106759031,1146.6877125216874,65.41116135386034,1323.9720972946736,297.7594491037009,2571.0113784372325,222.23587158438505,17.13507060024196,0.004116772639378776,0.0020014991558642337,0.002662675659275522,0.06189647382510311,0.03276966806324592,0.04127775785965011,0.04956535795711506,-208.17107749355867,7.73852717341406,0.0547422060558792,1.1551846705936062,135.642085626425,2.985647021911081,-0.11140583998419933,0.6311669151610722,-57.082997063822056,4.897570045640535,-0.17104561823352812,0.8351533602042439,16.99480115381421,3.8654864286697257,0.007822983418094273,0.7191870449678324,-34.037952207750195,3.9927522090701437,0.033987218062271195,0.7608326078639172,-4.288992562584428,2.975764149176235,0.020276017149094085,0.5282662005864094,25.562104503497054,2.131089494294076,-0.007239934340419265,0.399481327620314,-21.710746955679227,2.389028933365437,-0.012861722750395543,0.3850965211244946,2.3616144269934045,3.50199664120518,-0.03479932738732666,0.7023479430049666,0.9015497725266317,2.2896861603054277,-0.055919819056545146,0.43697452204907306,4.448351829965624,2.4753413856442124,0.056595479880056795,0.40317023746934644,12.2749529452722,2.806727737450487,0.05282634779998016,0.44268314810665005,-4.472125945663185,2.8264138960137517,0.007352854515111168,0.5103763442995323,1105.434624888747,76.36781837264199,1524.8724489795918,329.7860106410055,0.18202799314892193,0.06893163488531154,0.8033129187484388,3.5802871960229012,0.04511687291362978,2.168886950934614,3.6170405795837492,0.3823828384870912,0.45416787286876126
AH_222K_FC9D2763-1836-460B-954F-37F23D6CD81D.wav,106.24487328130405,6.861723177237434,99.46181481593078,118.59556723104033,0.06458404029594615,641.9949585220777,7.576014596773897,1062.4924390492306,54.095850908829306,1360.8622816959105,253.1533301927159,2337.701175213725,111.03568268332072,2.1102885822794257,0.011667372072702395,0.005790160658006562,0.005553532047991585,0.11562304330229833,0.04945508302858221,0.06874740448065253,0.09464098297047371,-190.11212503200582,10.927249446133182,0.11127923945916571,1.8913192606248272,136.93825865192048,5.626148829993196,0.025621953639901378,0.8005802457688895,-53.174922552264455,8.669913259746385,-0.07682614309984395,1.4888743367618313,7.868583248206689,5.413967407812364,0.019614330685182552,1.0231977277048374,-36.07046663910885,3.880475356273871,0.026535083070833344,0.6860420944538236,-19.67925473905717,3.4272900864718725,0.013617953489642762,0.45419573765160803,9.105942831790145,3.248060700879642,0.05302939528924782,0.5105179158020241,-21.26078552632175,2.667630448378917,-0.02832553831525504,0.44318273791301604,-2.299809758839771,2.6635121858247497,-0.023081800299576568,0.37193294377101144,-9.905558007417996,2.218315949585387,0.013778273741083882,0.39754395793642006,-2.8783892788231245,2.241044869084344,-0.026926398201518268,0.3550543453923309,11.441471400567847,2.1780448516306357,0.04388081836847949,0.3270807623183416,-4.0624971965323535,2.228372564908254,0.017301354580886538,0.3260586079939519,948.1379803637899,87.46636441652001,1289.1156462585034,265.5140163342723,0.2374944192395458,0.12251799733247326,2.0232050901345673,14.09202553285741,0.04351337426628905,2.1717449932710577,3.6383191448123657,0.5342239644057593,0.6053243375289152
AH_803T_66094C40-AE64-4AD3-AA97-B052C69DA3EF.wav,186.60037979631417,0.9017010748652425,184.65350394436717,188.77339030580265,0.004832257446900724,521.6018439646397,86.54479458324245,969.0660140725204,129.90757281233425,1611.0238915311163,121.14950469802137,2307.939509922808,322.8002444262142,21.233666536073272,0.0036217487993616317,0.002110686799332566,0.002195709631320728,0.03406528034420154,0.016547303479971576,0.023034296574314026,0.030977366422280207,-175.90017793555322,5.129143052030204,-0.03733468560896312,0.9244773065937432,147.23297409621253,2.544316427166592,0.024507089826587385,0.5138975509582998,-57.87840571976329,4.526241010737052,0.080101403517522,0.6484175027747457,32.41623381375771,3.880772373570466,0.03588518318543938,0.7156960338725633,1.3677030174792641,3.5024991444025586,0.011935077494376247,0.5784668561703028,-6.234793819853838,3.194718890471132,0.00793462690125678,0.5638190314842014,16.627570047403328,3.128764760526324,-0.028219011179022205,0.46004123664947816,-12.169282622206216,3.4482604612764627,-0.05152934426372657,0.6104822148815936,6.628941224104617,3.2945480463315198,0.03749741011342746,0.4100869327845906,6.797579215615577,2.999517033439406,0.032702260804619555,0.4812472701936922,-1.2974853481962803,2.971237716586577,-0.0709364487067249,0.4035178667140357,0.94147034861279,2.574973144394974,0.02257156259554186,0.46938757947372134,-1.4904092210045707,2.555656688264004,0.06571641388720938,0.4498911254158642,935.9496022820763,51.91197166093743,1750.8503401360545,128.9998727694762,0.10934642307686294,0.021492530054980957,33.24988632784194,4.199846653830666,0.154874272489978,2.160821253682687,3.5694521710399676,0.0,-0.0
AH_821C_8F9D5EF0-18B2-4967-B36D-82E014792BC3.wav,182.06193239240363,1.6173310868486033,177.07688375765397,185.68278049100894,0.008883411625900577,599.450493546278,112.99773534828954,914.9604420325006,101.46968349613866,1552.741424844176,199.91378555473594,2386.4998714404164,263.21480891330464,16.615625564111326,0.009826149499065821,0.005693380376079133,0.006263169280866209,0.05960652109520843,0.03437595338255712,0.03933646137506944,0.04180215970144281,-211.12564001118227,5.576242463093935,-0.08354276752632989,0.683952387380816,142.3277749507396,2.336491486532713,-0.04938925904284896,0.34648648493950385,-57.031101560019856,4.996089816319416,0.055889978708202684,0.5937517289091883,23.95772375698319,2.952969656497232,0.02702526339908188,0.41129853583704057,-16.034133674523346,2.348819500241629,-0.023792082162678977,0.35378316560711676,-7.840087716995463,2.834937501092214,-0.011491295981047386,0.38332742104501744,19.63265699581312,2.705859202977674,-0.044520000669533696,0.2922720538580182,-6.7502387655169995,2.619782056786906,0.00147141878919359,0.4390842745914507,13.928422113149875,2.44578122736106,0.050919218380811905,0.3372191103121115,4.789647117635624,2.0701044971297,-0.013163124698386383,0.4150771834387744,2.0936966362954763,1.9668098357469264,0.001024818564800898,0.29633751230193495,1.4169911022716222,1.9194053139522147,0.0236701966679012,0.34972140423742465,-7.926155229162699,1.75782875144912,-0.009280708307817463,0.2982533046078814,983.6728624708976,43.50223579587486,1574.6173469387754,97.48887057186994,0.1627041869020466,0.07207156405105954,3.150536178263048,2.4945430508650928,0.02505291184122397,2.1743992849333225,3.6220670112208855,0.20482475384672477,0.2646836599854989
AH_325J_7F5F27AA-5A93-43CF-AB17-FC53940BF4B0.wav,182.58333739917828,2.395272385912473,178.61188319286865,188.60839904745987,0.013118789589631266,489.42036858855664,49.73149097251094,924.5635998312831,82.12353784126518,1542.9840791680783,52.74190577063668,1850.7918869990049,101.76820966360211,20.28163129838412,0.0055776490443721505,0.0032856475234164777,0.0035565435947142346,0.045803326398077895,0.025868042212871794,0.03165397275118071,0.03736636923770634,-177.62697915622135,4.557455892899401,0.03188393259231304,0.6708539748387082,154.14312613528875,3.6871557156947143,0.0500274868219521,0.42674953859366155,-59.59909924793742,3.648832869087349,0.04074656665894957,0.4018289333636195,23.802914966703803,3.4385780158289587,-0.007315197001500277,0.49297046683721635,0.4124741804780082,4.441314478748002,-0.06087338320117696,0.4854127491604875,1.0844279905375585,3.5707275813948507,-0.056769823266240325,0.5064146794129859,9.519579404136733,2.407910384808483,-0.0025104972835421333,0.44305442962446023,-15.615219779920183,2.6230208533636294,0.026615443602249173,0.3731484422495153,14.935038407241782,2.949009219944148,0.016824628065301717,0.3639320993715194,3.5301100733245283,2.584475465787018,0.01140198682550172,0.38428037361385387,-3.976348301609658,1.7891149670815232,0.005694341352226285,0.28102248946079234,3.464119950501808,2.056781737167904,-0.01961927508194014,0.28841989195822215,-2.7343817220397653,1.978148991079704,-0.01932504444957652,0.287606674505036,911.138860969369,42.53642113873992,1606.7176870748299,65.8197470584088,0.12158903120408812,0.040885406843039845,25.710062897441688,6.134013841316285,0.04365307009615459,2.132390121800745,3.5066724904962667,0.32621541001424775,0.3960330896236365
AH_333L_6C551A6E-CC47-410E-AA49-2DC0A86E6489.wav,227.60424825388841,17.136389207063758,116.14675067027582,233.8468158464189,0.07529028714766531,685.9015640021751,18.917319645546545,995.820573637286,110.94065938473327,1418.012334325187,159.8354146819455,2439.642233491467,322.4288097257581,8.055907488578903,0.0193468381200476,0.010569735536991413,0.012493922112190184,0.18573007868916785,0.09738140300626912,0.13073869047694306,0.19724505312633914,-181.89868768073876,8.426599251204994,0.07332278960549639,1.6260791035068796,136.70456749910477,3.9026831249001064,-0.043276349898849195,0.6487572611881701,-48.032096617810524,6.141664084688791,-0.10412619322872088,1.1948363337354946,11.042859410239323,4.1129108149484885,0.06525479738593583,0.7150823455136974,-26.599866348038077,3.25983616135942,0.04722867604473507,0.5467449032329108,-8.976419937013343,3.4425320181794583,-0.07406329886103591,0.5925999950765057,17.733317862610747,3.8422011113383747,-0.026174823961655803,0.6403603207385048,-13.835043810979451,3.2023245199674992,0.04736972704979696,0.5196481108488609,8.349476522614086,3.6303784295451087,0.03536866243861926,0.5023885293683744,7.969778081534412,3.427119213432861,0.008607841730141456,0.630591217481762,4.061726527533546,2.7043219464104853,-0.021928895005758866,0.4473800748930896,6.81558191215691,3.3640166415908914,-0.023641402888913043,0.6003922953988897,-1.961730174373614,3.3653945552148117,0.026767832307560316,0.4660585899947975,945.875587011754,54.22164633020488,1339.7108843537414,121.10101247795232,0.35555804502781846,0.07578685284312196,5.400935244132557,14.257353292604046,0.0601601422243112,2.208657904118291,3.6909153776497687,0.6228673561706554,0.6903448024462877
AH_325A_3EB21DC7-C340-4D0E-AC9E-0EABF217BBEE.wav,185.91387995581275,1.2381175022407491,182.9861978642407,188.30028039412673,0.006659629192478904,790.7673495706665,13.958959055368615,1238.1383158758129,127.56256531808351,1510.2432180856717,124.69595771644644,2247.689859344679,473.341997446588,20.4013993254056,0.00426520642470612,0.0026365459723173665,0.002417047872797422,0.04208478010947313,0.024131933326890048,0.02696924268240548,0.03094291957162339,-172.76908544083594,2.686599193672301,0.05233042127885778,0.43893728293831397,148.04008239181158,1.675439004274,-0.009691111736552745,0.3084725719076305,-78.29706866012583,1.8571510895557832,-0.020342350107105778,0.3279299466044936,13.695096909425297,1.926737285991235,0.036760253126364974,0.32997757776354364,-8.366724445536741,2.197090020086365,-0.019504349184841455,0.3733934793520648,0.028601923895518994,1.6115451636977698,-0.009715867663287447,0.2719838157996381,17.521673311049504,1.5434158131318458,0.026330561714022618,0.2440373379560358,-17.30366734047563,1.3213575144816736,0.0020775359161608717,0.2125457039312519,10.392956902215865,1.860390206370763,-0.015573549156803665,0.290439099706482,8.18919958818368,1.7424824864126107,-0.02460304588370739,0.2871448062381138,0.15602348294869423,1.2896244751330526,-0.000569107034660692,0.22123785812559477,1.9538124867158093,1.2927893210342998,0.003950218176399901,0.2013637672803104,-6.96387000583365,1.289539060657107,-0.01094160980647938,0.20243725440808674,1130.713394014643,19.16485166528485,1617.7721088435374,60.21819575773455,0.1192468416917578,0.04671905766603027,4.907841222436528,12.132276666073997,0.07653978960946577,2.090245594957093,3.4268814461918464,0.0,-0.0
AH_621N_204CF3E2-1DA0-4908-A47F-78997B1BAFC2.wav,126.1171234486842,1.2657557355390108,123.283985787524,129.19292796969413,0.010036351138741554,571.5020498160097,7.072566890491827,1091.1959436852603,27.626771440448227,2060.942307058536,272.7341190778536,2617.109373712729,141.82745378587148,15.247132853529013,0.005267921392967982,0.0028091468386307293,0.003095157061203527,0.11071551108067723,0.06542545429066661,0.07332503317229948,0.08416792412291003,-173.19193785373588,6.615046429984983,-0.011988841345647228,0.9807043109201904,137.92109875304456,2.9782773842404424,-0.0035873102942832807,0.4337345421322455,-50.384905244891414,2.6632205784887093,-0.014551840092512902,0.4231123913916331,29.80191814517228,2.75271468530826,-0.025514396917747963,0.4423429418817059,-17.894309616957294,2.600866156360494,0.024644392040422316,0.42393961428826976,-23.647705224187625,3.2286387584313165,0.016541553954852812,0.5492244199086666,9.193232838435955,1.9014118605119357,-0.04546640016338505,0.2841113952086857,-14.08989308707436,2.3833340218856356,-0.014605467359835434,0.3637731737150707,-10.12600040839258,3.034348228021705,0.012108773503978942,0.5459495016031304,-19.466684208362615,1.7898972780208342,-0.031455830833133115,0.2661305874237553,-2.1780323806537147,1.8506961257910892,-0.012660027523279613,0.2940006555527752,10.894529825762307,1.9943834699365848,0.04348530577925885,0.32137245037284284,-4.1182580953302645,2.0761665908289837,0.03882413440413832,0.31099431895047347,944.5361421994484,31.01661518544756,1814.200680272109,197.6688277011313,0.16666447988695118,0.042761327641176725,12.31188898846702,16.4709696117925,0.3467727532747914,2.1766545333907583,3.6344434806177475,0.0,-0.0
AH_322A_C3BF5535-A11E-498E-94EB-BE7E74099FFB.wav,112.50024898615993,10.031445824720391,99.3894329694709,138.10225604032644,0.08916820998284622,669.091421130656,21.458816896253982,881.5343615983476,79.80424070728158,1055.341922479755,44.78346820662625,2426.679156105338,44.684272657261154,-0.22302344242808253,0.0490160461020676,0.029654032903052765,0.03704630455550968,0.07458366939444355,0.04195509042680793,0.04602262930878199,0.05699101836111463,-209.26355941028535,10.76068555843377,-0.03277027200479049,1.4003099621557713,146.74400571865786,5.378769985586183,-0.005651085883560514,0.6339553136498328,-30.90607301648415,3.436960076469369,0.03837456933013919,0.6101590374726364,7.06681210655912,4.124841827083061,-0.015432363582372034,0.6040094340205882,-40.631172218201876,3.3588677241429092,-0.028220633732166274,0.6279554471898783,-21.064631202238058,3.187249604670593,0.029536988986011283,0.40409694225763515,15.267066681416466,2.579797298656545,-0.00017534427766881144,0.4491666717651531,-6.52202878930669,2.792818445978035,0.003481306141173896,0.3373445928827198,2.4385979055184483,2.991092382887161,0.03355408319912505,0.6325473605638766,-7.866874659421559,2.546354557466573,-0.014951716977597822,0.4266093354793225,0.6350190195755392,2.852166672321346,-0.01258827309212709,0.4885849707892889,5.594068195645778,2.2526854743740032,0.03443420967901148,0.4097338697302531,-6.297640948125912,2.7309798939056993,0.03868531815377595,0.4581807774353745,828.1729062368686,31.587136250461995,1046.7687074829932,31.542753227875806,0.1252544829193995,0.06019854126890409,2.4201501134623102,11.79972653905831,0.01061116075459604,2.1129033313866654,3.5003416847664277,0.7956989816001754,1.0059859087955674
AH_562E_151814F5-BB0F-44EF-9A22-FE2862FC3411.wav,188.56062062750848,1.05619042549843,186.04977841879867,190.37999707279369,0.00560133087165044,419.6610486507761,116.48147280910925,935.2557714718836,222.75887724158886,1402.0567070773452,205.30261511802195,2449.0886060248145,312.38277179241874,17.69255320074211,0.0052118146725596975,0.003145156775946955,0.0031097498332155363,0.06221209066462417,0.03272351163756126,0.043065573800595225,0.056339199573896354,-217.6466809329317,15.937089276628559,0.026735049030456207,2.0834011647921966,133.87987938875023,7.201667797632286,0.08104425322773362,0.9989400917231106,-33.94081178329278,5.194655688568568,0.05187083822556597,0.7715515868937538,27.0989722247367,4.533468667222177,-0.011052105880778519,0.723779360571749,-6.834558826196057,5.249454838318173,0.0010169638096733896,0.584655451376722,5.1580670357873935,7.75393555798199,0.011856357245165696,0.749290637110649,21.814203374556627,4.689257227386329,0.04696179073646269,0.5902242794240895,-19.558171910514996,6.463323140145844,-0.005011518500805507,0.5871175127767455,-0.07771175107612924,5.405508419079832,-0.05957273577215222,0.6101718102109509,8.711913402256293,4.1352801432777095,0.008585406150449025,0.5037634333084471,5.028376809030001,3.703481396978729,0.03376403570522512,0.3945400483175088,3.642304813936467,3.0035755620621605,0.016399430224395124,0.3886051049579973,-3.8523459480953477,2.598375976592091,-0.028085783701898376,0.44046393553772856,814.2891254723179,57.27063356818822,1399.8724489795918,89.73559604789511,0.13026160145031054,0.040248553785729176,17.114560578974327,1.2725510865189016,0.024172859351610357,2.171670175017663,3.625133480385795,0.10489184143616251,0.1476584109983229
AH_511K_DDC6D065-56B3-436B-9D08-73326C791B69.wav,147.09719015847568,1.3042053496813881,144.90966898048518,150.4196664092608,0.00886628322591545,644.8443988741491,64.45469918517726,748.956596234443,50.616010643712166,1302.1625478516473,119.94874740503786,2447.4779670705743,165.95312865824843,22.908013652090247,0.0029207944907183514,0.0014747392285089688,0.0017412955556909849,0.06208618785125725,0.03267134468540079,0.0438264427418526,0.060073648755256503,-195.03832085873512,12.056247848991728,-0.330879500900655,1.258005070291164,135.8262621573641,4.2588672373838214,-0.07244520732367804,0.5464156142213099,-26.82312239005647,7.805528760773843,0.09864109297535423,0.6480144743064263,10.3463861091714,4.054481022143746,-0.0990381848184687,0.6252332804675695,-34.86999395176714,3.7213119002916946,0.013766988224008027,0.4659237631654223,-9.224642683849222,3.8394911410224686,-0.031031530945437247,0.5686405898416281,13.104619890888442,3.4427339839539823,-0.03325991822935599,0.3721309522195871,-16.467256492965163,3.3866947243621985,0.04777650036252022,0.5557086804618906,7.322067588609287,3.894373103031945,-0.04220732940097297,0.5389088782046499,1.425770060570065,2.6166438467152124,-0.04231455309004848,0.3922274770423245,6.722136814180368,2.3809856076983538,-0.03094120629014069,0.3759792865486619,10.245453431189226,4.532965370620077,0.035672303777765806,0.41946240695706233,-12.014642670246316,3.0635468005537896,0.06355950792934473,0.36771175532634026,848.284428945159,46.13395795601689,1131.3775510204082,93.10126394821899,0.0949228551642781,0.0444888345663787,4.772715134264188,15.709664237902446,0.015033996685192341,2.213155634114624,3.6904079114456962,0.046055009933370444,0.07158483369291901
AH_619B_5CF9C4CA-31AA-4F22-8E57-8E53618CC224.wav,188.85923826561125,40.411718124521336,99.78292746235373,211.15856651608055,0.2139779790262967,375.50970995686026,81.11911925390078,1008.2599946585275,37.97830099099859,1330.6738646950937,74.43829826866202,2487.9516216964,266.26081061355296,17.3033421774933,0.0067172146848432975,0.0038608531892121135,0.004216152659184298,0.059819634770037426,0.0342341297130052,0.038106212751944465,0.04378880906676188,-205.84441642070593,5.418911533278967,-0.10846999246002938,0.6745220504960087,141.84760849553786,2.5817492681743355,0.022490000418187408,0.4531536923206573,-35.85024567142368,4.557849775983623,0.1147899329690423,0.5958650788943491,15.999160264877185,3.146411977692573,0.012375129857954196,0.5269396236885151,-15.870750118493172,2.8594860472196717,0.0005484996474614685,0.42694723716718685,12.622416214870354,2.4332494306116916,-0.03480386446472504,0.4569647007190787,28.91419047426839,2.9163320092309,-0.0002799885984500022,0.4322490554533604,-11.339317194452294,2.568016129241275,0.050704508188380286,0.4165156218022229,9.637682150232143,2.177124976719136,-0.02109087477545604,0.41117820196974775,2.3809782208665524,2.650870979852051,-0.02095676770623845,0.4436648335292039,1.4411193219785277,2.203595877025134,0.03178142936379877,0.37162670947648935,9.250497270348585,2.4020906045786234,0.0332494261145002,0.4294263535973516,-3.5746857428825707,1.8083683957229133,0.02194346590645989,0.3323846986086228,758.9799177447175,42.04648891441574,1238.3078231292518,57.040075944215985,0.13329815272888354,0.04836112640237025,24.211354268894702,2.566703309325489,0.009226126011022087,2.1593807350935283,3.549191174587867,0.5338801140159106,0.6645981931405681
AH_523T_66147C3C-938A-4CF9-913E-5D49D72BD8B6.wav,158.41449070652095,6.4040602351629135,140.23254074077838,172.2267716645669,0.04042597496353468,437.32610222121673,127.45587702873591,1054.1704996437825,123.23508731861156,1490.3932236033017,210.73069897569675,2543.3912581771233,157.01917547974745,4.4038185274168695,0.11212511944524232,0.074126195720211,0.0463597323877397,0.1842601562284418,0.11776310574420312,0.08231972072560885,0.11888872359351055,-170.1143481055142,7.526315462209715,0.18406033879446243,0.9395856537965411,141.6046295017367,3.8291143632885736,0.09765966284499424,0.42494805790966983,-54.53705149419541,2.634654716052739,-0.021037808012315733,0.41495140633129945,30.015068550204628,2.0551180439320587,-0.0014191075234088921,0.3585197107725601,-12.282690678214122,2.3202922374251105,-0.05801670005089088,0.2886485022059524,4.3655186647110655,2.139376488327146,0.00515778603784784,0.2761513660819266,28.88976262271487,2.7383918957175744,0.05934699351941489,0.3491950972218981,-18.445209379274015,1.8009924100941266,-0.021524297573173253,0.2905279635112528,7.655898308754426,2.0710912933306185,-0.011579417445126637,0.31991654175815226,6.397064806284106,1.936638505264177,0.0007829558814153088,0.2560435277396721,-1.4634361177942912,1.984582160571645,-0.06537771223190868,0.27839494994477926,5.7131019194193575,1.5000007538539284,-0.03353757851204993,0.21246843157173273,-7.342863143968742,2.7043166640120053,0.05085369042758102,0.2910987765437201,962.0910080736276,41.944716586772245,1598.2142857142858,89.88910595763545,0.20158167227383325,0.09305200023125662,30.68616375815967,4.360354431598758,0.11080208865158389,2.204889200350245,3.6794678879380265,0.9130489371939875,1.120788044060976
AH_114S_A89F3548-0B61-4770-B800-2E26AB3908B6.wav,110.24033383270368,1.2995379142655885,108.48367757650209,113.66460839958154,0.01178822549864295,609.6786118337509,46.45951715930564,936.7447924471279,134.1650016250205,1445.9111195361863,249.89679420408177,2301.101166722596,219.80631318744895,16.832599942492624,0.005544653676878933,0.002954661446117842,0.0036671042882035405,0.09564085483503203,0.05021476756538359,0.06449030867775961,0.08939505199781704,-210.21640640380198,12.16076750964141,-0.05032657401291455,1.6623751348842712,149.00764224825275,4.162936170560816,0.009134118325541738,0.6921658279692586,-39.045730633646166,6.261962960471522,0.13709864921004114,1.105815327433386,15.402299939345852,8.061206752034547,0.13706141479209205,1.0007703505276682,-14.107803314883578,7.426332570628077,0.04280698337798222,0.8898760158403584,-7.658368707817838,4.5100730463826135,-0.011538634533710776,0.7487335415019533,10.051889348905538,5.932924856579028,-0.03260220387848639,0.5549701487158941,-11.112454680374782,4.856379145111112,-0.03624395798830153,0.5324140686400979,5.322267704903659,4.237244609550636,-0.0024531861994243473,0.5929124353818511,-3.035943246863372,2.8590277089496197,0.031247721125010352,0.4406495839021627,3.064362203659591,2.3156187704908877,0.03695869934461076,0.34615202950701707,7.178538915772357,2.5047389990892266,1.4584231436666347e-05,0.47678224840682215,-6.408146829507426,2.967329317938268,-0.039692086118109024,0.4035340613848383,800.4551828099252,60.44802758168656,1230.8673469387754,131.54163719859068,0.17040197564892873,0.060709539340016584,6.364077735499927,3.087884199466926,0.010870294013002376,2.152908731864824,3.5912512847900557,0.6180042844744847,0.685732929234831
AH_123G_559F0706-2238-447C-BA39-DB5933BA619D.wav,102.33503837759461,0.6018222658084047,100.9321658021971,103.62886834956026,0.0058809013545078085,602.5113397831567,181.6946464859341,1066.4628289790464,231.80349616087963,1838.5218210254372,477.86957095972525,2635.2006324630993,384.74477576622564,-0.016326805592259904,0.0032398564807027963,0.0018176688655473024,0.0019765769198808523,0.05294305876148228,0.028503691180919787,0.034089308628436586,0.04514835079487389,-173.03260908738886,4.922383676054414,0.03994861463154656,0.765047880390859,149.8411368272431,2.618457165090392,0.016741876134196327,0.3989655334041941,-47.126118149493664,4.206539491399739,-0.03555717007177098,0.529465959339642,25.729378759282138,2.5462836375944087,0.00979153919717975,0.38508363207553814,-21.462682506306788,2.66343673649453,0.018668586812616468,0.3161567978102169,-8.101389602486426,2.1958028963015743,-0.02792656148169833,0.39299641918338013,20.63108334811777,1.6087143518988454,0.023157783511078757,0.24498722202462622,-12.613152581879932,1.7978777120822964,0.015488531708689357,0.3091243882461299,7.297311848215236,2.1729611797995085,-0.015864621938375,0.3364389378763542,0.4906835170331299,1.6538934255353743,0.01649155511643283,0.23487766519092795,7.734023463038516,2.0326246524471845,0.0012969475629847865,0.3155792577964307,12.267310868365522,1.7355355829293941,-0.007517255587984333,0.20127987691332533,-11.238287802656663,1.6766981477961105,-0.005247687511194949,0.2484266822315912,863.6499907944122,31.946254134878902,1287.4149659863945,73.30047291306964,0.11637134324040106,0.030698913578935855,18.83576882363175,11.023815530423152,0.09499044535179361,2.1501535856404113,3.576405805333285,0.0,-0.0
